Торговая марка None,Тип продукта Сливки,Бренд Домик в деревне,price 179.90₽,date_price 2025-02-04 00:00:00
Торговая марка None,Тип продукта Кефир,Бренд Простоквашино,price 81.99₽,date_price 2025-02-04 00:00:00
Торговая марка None,Тип продукта Сметана,Бренд Простоквашино,price 71.99₽,date_price 2025-02-04 00:00:00
Бренд Простоквашино,Тип продукта Творог,Торговая марка None,price 109.90₽,date_price 2025-02-04 00:00:00
Бренд Простоквашино,Тип продукта Кефир,Торговая марка None,price 99.99₽,date_price 2025-02-04 00:00:00
Бренд Простоквашино,Тип продукта Кефир,Торговая марка None,price 94.99₽,date_price 2025-02-04 00:00:00
Торговая марка None,Тип продукта Сливки,Бренд Домик в деревне,price 249.90₽,date_price 2025-02-04 00:00:00
Торговая марка None,Тип продукта Сливки,Бренд Домик в деревне,price 179.90₽,date_price 2025-02-04 00:00:00
Торговая марка None,Тип продукта Кефир,Бренд Простоквашино,price 81.99₽,date_price 2025-02-04 00:00:00
Торговая марка None,Тип продукта Сметана,Бренд Простоквашино,price 71.99₽,date_price 2025-02-04 00:00:00
Бренд Простоквашино,Тип продукта Творог,Торговая марка None,price 109.90₽,date_price 2025-02-04 00:00:00
Бренд Простоквашино,Тип продукта Кефир,Торговая марка None,price 99.99₽,date_price 2025-02-04 00:00:00
Бренд Простоквашино,Тип продукта Кефир,Торговая марка None,price 94.99₽,date_price 2025-02-04 00:00:00
Торговая марка None,Тип продукта Сливки,Бренд Домик в деревне,price 249.90₽,date_price 2025-02-04 00:00:00
Бренд Простоквашино,Тип продукта Творожный продукт,Торговая марка None,price 44.99₽,date_price 2025-02-04 00:00:00
Бренд Простоквашино,Тип продукта Творожный продукт,Торговая марка None,price 44.99₽,date_price 2025-02-04 00:00:00
Торговая марка None,Тип продукта Кефир,Бренд Домик в деревне,price 86.99₽,date_price 2025-02-04 00:00:00
Торговая марка None,Тип продукта Творог,Бренд Село Зеленое,price 139.90₽,date_price 2025-02-04 00:00:00
Бренд Простоквашино,Тип продукта Творожный продукт,Торговая марка None,price 44.99₽,date_price 2025-02-04 00:00:00
Торговая марка None,Тип продукта Сливки,Бренд Домик в деревне,price 179.90₽,date_price 2025-02-04 00:00:00
Торговая марка None,Тип продукта Кефир,Бренд Простоквашино,price 81.99₽,date_price 2025-02-04 00:00:00
Торговая марка None,Тип продукта Сметана,Бренд Простоквашино,price 71.99₽,date_price 2025-02-04 00:00:00
Бренд Простоквашино,Тип продукта Творог,Торговая марка None,price 109.90₽,date_price 2025-02-04 00:00:00
Бренд Простоквашино,Тип продукта Кефир,Торговая марка None,price 99.99₽,date_price 2025-02-04 00:00:00
Бренд Простоквашино,Тип продукта Кефир,Торговая марка None,price 94.99₽,date_price 2025-02-04 00:00:00
Торговая марка None,Тип продукта Сливки,Бренд Домик в деревне,price 249.90₽,date_price 2025-02-04 00:00:00
Торговая марка None,Тип продукта Сливки,Бренд Домик в деревне,price 179.90₽,date_price 2025-02-04 00:00:00
Торговая марка None,Тип продукта Кефир,Бренд Простоквашино,price 81.99₽,date_price 2025-02-04 00:00:00
Торговая марка None,Тип продукта Сметана,Бренд Простоквашино,price 71.99₽,date_price 2025-02-04 00:00:00
Бренд Простоквашино,Тип продукта Творог,Торговая марка None,price 109.90₽,date_price 2025-02-04 00:00:00
Бренд Простоквашино,Тип продукта Кефир,Торговая марка None,price 99.99₽,date_price 2025-02-04 00:00:00
Бренд Простоквашино,Тип продукта Кефир,Торговая марка None,price 94.99₽,date_price 2025-02-04 00:00:00
Торговая марка None,Тип продукта Сливки,Бренд Домик в деревне,price 249.90₽,date_price 2025-02-04 00:00:00
Бренд Простоквашино,Тип продукта Творожный продукт,Торговая марка None,price 44.99₽,date_price 2025-02-04 00:00:00
Бренд Простоквашино,Тип продукта Творожный продукт,Торговая марка None,price 44.99₽,date_price 2025-02-04 00:00:00
Торговая марка None,Тип продукта Кефир,Бренд Домик в деревне,price 86.99₽,date_price 2025-02-04 00:00:00
Торговая марка None,Тип продукта Творог,Бренд Село Зеленое,price 139.90₽,date_price 2025-02-04 00:00:00
Бренд Простоквашино,Тип продукта Творожный продукт,Торговая марка None,price 44.99₽,date_price 2025-02-04 00:00:00
Торговая марка None,Тип продукта Сливки,Бренд Домик в деревне,price 179.90₽,date_price 2025-02-04 00:00:00
Торговая марка None,Тип продукта Кефир,Бренд Простоквашино,price 81.99₽,date_price 2025-02-04 00:00:00
Торговая марка None,Тип продукта Сметана,Бренд Простоквашино,price 71.99₽,date_price 2025-02-04 00:00:00
Бренд Простоквашино,Тип продукта Творог,Торговая марка None,price 109.90₽,date_price 2025-02-04 00:00:00
Бренд Простоквашино,Тип продукта Кефир,Торговая марка None,price 99.99₽,date_price 2025-02-04 00:00:00
Бренд Простоквашино,Тип продукта Кефир,Торговая марка None,price 94.99₽,date_price 2025-02-04 00:00:00
Торговая марка None,Тип продукта Сливки,Бренд Домик в деревне,price 249.90₽,date_price 2025-02-04 00:00:00
Бренд Простоквашино,Тип продукта Творожный продукт,Торговая марка None,price 44.99₽,date_price 2025-02-04 00:00:00
Бренд Простоквашино,Тип продукта Творожный продукт,Торговая марка None,price 44.99₽,date_price 2025-02-04 00:00:00
Торговая марка None,Тип продукта Кефир,Бренд Домик в деревне,price 86.99₽,date_price 2025-02-04 00:00:00
Торговая марка None,Тип продукта Творог,Бренд Село Зеленое,price 139.90₽,date_price 2025-02-04 00:00:00
Бренд Простоквашино,Тип продукта Творожный продукт,Торговая марка None,price 44.99₽,date_price 2025-02-04 00:00:00
Бренд Простоквашино,Тип продукта Творожный продукт,Торговая марка None,price 44.99₽,date_price 2025-02-04 00:00:00
Бренд Простоквашино,Тип продукта Творожный продукт,Торговая марка None,price 44.99₽,date_price 2025-02-04 00:00:00
Торговая марка None,Тип продукта Кефир,Бренд Домик в деревне,price 86.99₽,date_price 2025-02-04 00:00:00
Торговая марка None,Тип продукта Творог,Бренд Село Зеленое,price 139.90₽,date_price 2025-02-04 00:00:00
Бренд Простоквашино,Тип продукта Творожный продукт,Торговая марка None,price 44.99₽,date_price 2025-02-04 00:00:00
Бренд Простоквашино,Тип продукта Творожный продукт,Торговая марка None,price 44.99₽,date_price 2025-02-04 00:00:00
Бренд Простоквашино,Тип продукта Творожный продукт,Торговая марка None,price 44.99₽,date_price 2025-02-04 00:00:00
Торговая марка None,Тип продукта Кефир,Бренд Домик в деревне,price 86.99₽,date_price 2025-02-04 00:00:00
Торговая марка None,Тип продукта Творог,Бренд Село Зеленое,price 139.90₽,date_price 2025-02-04 00:00:00
Бренд Простоквашино,Тип продукта Творожный продукт,Торговая марка None,price 44.99₽,date_price 2025-02-04 00:00:00
Бренд Простоквашино,Тип продукта Творожный продукт,Торговая марка None,price 44.99₽,date_price 2025-02-04 00:00:00
Бренд Простоквашино,Тип продукта Творожный продукт,Торговая марка None,price 44.99₽,date_price 2025-02-04 00:00:00
Торговая марка None,Тип продукта Творог,Бренд Село Зеленое,price 139.90₽,date_price 2025-02-04 00:00:00
Торговая марка None,Тип продукта Кефир,Бренд Домик в деревне,price 86.99₽,date_price 2025-02-04 00:00:00
Бренд Простоквашино,Тип продукта Творожный продукт,Торговая марка None,price 44.99₽,date_price 2025-02-04 00:00:00
Бренд Простоквашино,Тип продукта Творожный продукт,Торговая марка None,price 44.99₽,date_price 2025-02-04 00:00:00
Бренд Простоквашино,Тип продукта Творожный продукт,Торговая марка None,price 44.99₽,date_price 2025-02-04 00:00:00
Торговая марка None,Тип продукта Кефир,Бренд Домик в деревне,price 86.99₽,date_price 2025-02-04 00:00:00
Торговая марка None,Тип продукта Творог,Бренд Село Зеленое,price 139.90₽,date_price 2025-02-04 00:00:00
Бренд Простоквашино,Тип продукта Творожный продукт,Торговая марка None,price 44.99₽,date_price 2025-02-04 00:00:00
Бренд Простоквашино,Тип продукта Творожный продукт,Торговая марка None,price 44.99₽,date_price 2025-02-04 00:00:00
Бренд Простоквашино,Тип продукта Творожный продукт,Торговая марка None,price 44.99₽,date_price 2025-02-04 00:00:00
Торговая марка None,Тип продукта Творог,Бренд Село Зеленое,price 139.90₽,date_price 2025-02-04 00:00:00
Торговая марка None,Тип продукта Кефир,Бренд Домик в деревне,price 86.99₽,date_price 2025-02-04 00:00:00
Бренд Простоквашино,Тип продукта Творожный продукт,Торговая марка None,price 44.99₽,date_price 2025-02-04 00:00:00
Бренд Простоквашино,Тип продукта Творожный продукт,Торговая марка None,price 44.99₽,date_price 2025-02-04 00:00:00
Бренд Простоквашино,Тип продукта Творожный продукт,Торговая марка None,price 44.99₽,date_price 2025-02-04 00:00:00
Торговая марка None,Тип продукта Кефир,Бренд Домик в деревне,price 86.99₽,date_price 2025-02-04 00:00:00
Торговая марка None,Тип продукта Творог,Бренд Село Зеленое,price 139.90₽,date_price 2025-02-04 00:00:00
Бренд Простоквашино,Тип продукта Творожный продукт,Торговая марка None,price 44.99₽,date_price 2025-02-04 00:00:00
Бренд Простоквашино,Тип продукта Творожный продукт,Торговая марка None,price 44.99₽,date_price 2025-02-04 00:00:00
Бренд Простоквашино,Тип продукта Творожный продукт,Торговая марка None,price 44.99₽,date_price 2025-02-04 00:00:00
Торговая марка None,Тип продукта Творог,Бренд Село Зеленое,price 139.90₽,date_price 2025-02-04 00:00:00
Торговая марка None,Тип продукта Кефир,Бренд Домик в деревне,price 86.99₽,date_price 2025-02-04 00:00:00
Бренд Простоквашино,Тип продукта Творожный продукт,Торговая марка None,price 44.99₽,date_price 2025-02-04 00:00:00
Бренд Простоквашино,Тип продукта Молоко,Торговая марка None,price 98.99₽,date_price 2025-02-04 00:00:00
Торговая марка None,Тип продукта Сливки,Бренд Домик в деревне,price 179.90₽,date_price 2025-02-04 00:00:00
Торговая марка None,Тип продукта Сливки,Бренд Домик в деревне,price 249.90₽,date_price 2025-02-04 00:00:00
Бренд Простоквашино,Тип продукта Кефир,Торговая марка None,price 94.99₽,date_price 2025-02-04 00:00:00
Бренд Простоквашино,Тип продукта Кефир,Торговая марка None,price 99.99₽,date_price 2025-02-04 00:00:00
Бренд Простоквашино,Тип продукта Творог,Торговая марка None,price 109.90₽,date_price 2025-02-04 00:00:00
Торговая марка None,Тип продукта Сметана,Бренд Простоквашино,price 71.99₽,date_price 2025-02-04 00:00:00
Торговая марка None,Тип продукта Кефир,Бренд Простоквашино,price 81.99₽,date_price 2025-02-04 00:00:00
Торговая марка None,Тип продукта Сметана,Бренд Простоквашино,price 64.99₽,date_price 2025-02-04 00:00:00
Бренд Простоквашино,Тип продукта Творожный продукт,Торговая марка None,price 44.99₽,date_price 2025-02-04 00:00:00
Бренд Простоквашино,Тип продукта Творожный продукт,Торговая марка None,price 44.99₽,date_price 2025-02-04 00:00:00
Торговая марка None,Тип продукта Творог,Бренд Село Зеленое,price 139.90₽,date_price 2025-02-04 00:00:00
Торговая марка None,Тип продукта Кефир,Бренд Домик в деревне,price 86.99₽,date_price 2025-02-04 00:00:00
Бренд Простоквашино,Тип продукта Творожный продукт,Торговая марка None,price 44.99₽,date_price 2025-02-04 00:00:00
Бренд Простоквашино,Тип продукта Молоко,Торговая марка None,price 98.99₽,date_price 2025-02-04 00:00:00
Торговая марка None,Тип продукта Сливки,Бренд Домик в деревне,price 179.90₽,date_price 2025-02-04 00:00:00
Торговая марка None,Тип продукта Сливки,Бренд Домик в деревне,price 249.90₽,date_price 2025-02-04 00:00:00
Бренд Простоквашино,Тип продукта Кефир,Торговая марка None,price 94.99₽,date_price 2025-02-04 00:00:00
Бренд Простоквашино,Тип продукта Кефир,Торговая марка None,price 99.99₽,date_price 2025-02-04 00:00:00
Бренд Простоквашино,Тип продукта Творог,Торговая марка None,price 109.90₽,date_price 2025-02-04 00:00:00
Торговая марка None,Тип продукта Сметана,Бренд Простоквашино,price 71.99₽,date_price 2025-02-04 00:00:00
Торговая марка None,Тип продукта Кефир,Бренд Простоквашино,price 81.99₽,date_price 2025-02-04 00:00:00
Торговая марка None,Тип продукта Сметана,Бренд Простоквашино,price 64.99₽,date_price 2025-02-04 00:00:00
Торговая марка None,Тип продукта Сметана,Бренд Простоквашино,price 64.99₽,date_price 2025-02-04 00:00:00
Торговая марка None,Тип продукта Сметана,Бренд Простоквашино,price 64.99₽,date_price 2025-02-04 00:00:00
Торговая марка None,Тип продукта Сметана,Бренд Простоквашино,price 64.99₽,date_price 2025-02-04 00:00:00
Бренд Простоквашино,Тип продукта Молоко,price 129.90₽,date_price 2025-02-04 00:00:00
Бренд Простоквашино,Тип продукта Молоко,price 109.90₽,date_price 2025-02-04 00:00:00
Торговая марка None,Тип продукта Молоко,Бренд Домик в деревне,price 219.90₽,date_price 2025-02-04 00:00:00
Торговая марка None,Тип продукта Йогурт,Бренд Простоквашино,price 39.99₽,date_price 2025-02-04 00:00:00
Торговая марка None,Тип продукта Йогурт,Бренд Простоквашино,price 39.99₽,date_price 2025-02-04 00:00:00
Торговая марка None,Тип продукта Йогурт,Бренд Простоквашино,price 79.99₽,date_price 2025-02-04 00:00:00
Торговая марка None,Тип продукта Сметана,Бренд Домик в деревне,price 139.90₽,date_price 2025-02-04 00:00:00
Бренд Простоквашино,Тип продукта Творог,Торговая марка None,price 64.99₽,date_price 2025-02-04 00:00:00
Бренд Простоквашино,Тип продукта Творожный продукт,Торговая марка None,price 44.99₽,date_price 2025-02-04 00:00:00
Торговая марка None,Тип продукта Снежок,Бренд Домик в деревне,price 44.99₽,date_price 2025-02-04 00:00:00
Тип продукта Десерт,Торговая марка None,Бренд Простоквашино,price 39.99₽,date_price 2025-02-04 00:00:00
Бренд Простоквашино,Тип продукта Творожный продукт,Торговая марка None,price 44.99₽,date_price 2025-02-04 00:00:00
Бренд Простоквашино,Тип продукта Творожный продукт,Торговая марка None,price 44.99₽,date_price 2025-02-04 00:00:00
Торговая марка None,Тип продукта Творог,Бренд Село Зеленое,price 139.90₽,date_price 2025-02-04 00:00:00
Торговая марка None,Тип продукта Кефир,Бренд Домик в деревне,price 86.99₽,date_price 2025-02-04 00:00:00
Бренд Простоквашино,Тип продукта Творожный продукт,Торговая марка None,price 44.99₽,date_price 2025-02-04 00:00:00
Торговая марка None,Тип продукта Яйца куриные,Бренд Село Зеленое,price 269.90₽,date_price 2025-02-04 00:00:00
Торговая марка None,Тип продукта Молоко,Бренд Простоквашино,price 151.90₽,date_price 2025-02-04 00:00:00
Торговая марка None,Тип продукта Масло сливочное,Бренд Брест-Литовск,price 209.90₽,date_price 2025-02-04 00:00:00
Бренд Простоквашино,Тип продукта Молоко,Торговая марка None,price 98.99₽,date_price 2025-02-04 00:00:00
Торговая марка None,Тип продукта Сливки,Бренд Домик в деревне,price 179.90₽,date_price 2025-02-04 00:00:00
Торговая марка None,Тип продукта Сливки,Бренд Домик в деревне,price 249.90₽,date_price 2025-02-04 00:00:00
Бренд Простоквашино,Тип продукта Кефир,Торговая марка None,price 94.99₽,date_price 2025-02-04 00:00:00
Бренд Простоквашино,Тип продукта Кефир,Торговая марка None,price 99.99₽,date_price 2025-02-04 00:00:00
Бренд Простоквашино,Тип продукта Творог,Торговая марка None,price 109.90₽,date_price 2025-02-04 00:00:00
Торговая марка None,Тип продукта Сметана,Бренд Простоквашино,price 71.99₽,date_price 2025-02-04 00:00:00
Торговая марка None,Тип продукта Кефир,Бренд Простоквашино,price 81.99₽,date_price 2025-02-04 00:00:00
Торговая марка None,Тип продукта Творог взбитый,Бренд Домик в деревне,price 52.99₽,date_price 2025-02-04 00:00:00
Торговая марка None,Тип продукта Молоко,Бренд Домик в деревне,price 219.90₽,date_price 2025-02-04 00:00:00
Торговая марка None,Тип продукта Йогурт,Бренд Простоквашино,price 39.99₽,date_price 2025-02-04 00:00:00
Торговая марка None,Тип продукта Йогурт,Бренд Простоквашино,price 39.99₽,date_price 2025-02-04 00:00:00
Торговая марка None,Тип продукта Йогурт,Бренд Простоквашино,price 79.99₽,date_price 2025-02-04 00:00:00
Торговая марка None,Тип продукта Сметана,Бренд Домик в деревне,price 139.90₽,date_price 2025-02-04 00:00:00
Торговая марка None,Тип продукта Сметана,Бренд Простоквашино,price 64.99₽,date_price 2025-02-04 00:00:00
Бренд Простоквашино,Тип продукта Молоко,price 109.90₽,date_price 2025-02-04 00:00:00
Бренд Простоквашино,Тип продукта Молоко,price 129.90₽,date_price 2025-02-04 00:00:00
Торговая марка None,Тип продукта Печенье,Бренд Яшкино,price 99.99₽,date_price 2025-02-04 00:00:00
Бренд РотФронт,Тип продукта Конфеты,Торговая марка None,price 149.90₽,date_price 2025-02-04 00:00:00
Бренд РотФронт,Тип продукта Конфеты,Торговая марка None,price 149.90₽,date_price 2025-02-04 00:00:00
Бренд РотФронт,Тип продукта Конфеты,Торговая марка None,price 149.90₽,date_price 2025-02-04 00:00:00
Торговая марка None,Тип продукта Конфеты,Бренд Рот Фронт,price 69.99₽,date_price 2025-02-04 00:00:00
Торговая марка None,Тип продукта Печенье,Бренд Яшкино,price 64.99₽,date_price 2025-02-04 00:00:00
Торговая марка None,Тип продукта Печенье,Бренд Яшкино,price 69.99₽,date_price 2025-02-04 00:00:00
Торговая марка None,Тип продукта Печенье,Бренд Яшкино,price 69.99₽,date_price 2025-02-04 00:00:00
Бренд Ягодное Лукошко,Тип продукта Кексы,Торговая марка None,price 128.90₽,date_price 2025-02-04 00:00:00
price 79.99₽,date_price 2025-02-04 00:00:00
Торговая марка None,Тип продукта Печенье,Бренд Яшкино,price 64.99₽,date_price 2025-02-04 00:00:00
Торговая марка None,Тип продукта Печенье,Бренд Яшкино,price 69.99₽,date_price 2025-02-04 00:00:00
Торговая марка None,Тип продукта Печенье,Бренд Яшкино,price 99.99₽,date_price 2025-02-04 00:00:00
Торговая марка None,Тип продукта Конфеты,Бренд Рот Фронт,price 69.99₽,date_price 2025-02-04 00:00:00
Бренд РотФронт,Тип продукта Конфеты,Торговая марка None,price 149.90₽,date_price 2025-02-04 00:00:00
Бренд Ягодное Лукошко,Тип продукта Кексы,Торговая марка None,price 128.90₽,date_price 2025-02-04 00:00:00
Бренд Яшкино,Тип продукта Вафли,Торговая марка None,price 79.99₽,date_price 2025-02-04 00:00:00
Торговая марка None,Тип продукта Ирис,Бренд Яшкино,price 49.99₽,date_price 2025-02-04 00:00:00
price 79.99₽,date_price 2025-02-04 00:00:00
Бренд Хлебный Дом,Тип продукта Хлеб белый,price 65.99₽,date_price 2025-02-05 00:00:00
Бренд Мираторг,Тип продукта Выпечка,price 69.99₽,date_price 2025-02-05 00:00:00
Бренд Хлебный Дом,Тип продукта Хлебцы,price 57.99₽,date_price 2025-02-05 00:00:00
Бренд Мираторг,Тип продукта Выпечка,price 69.99₽,date_price 2025-02-05 00:00:00
Бренд Хлебный Дом,Тип продукта Хлебцы,price 57.99₽,date_price 2025-02-05 00:00:00
Бренд Мираторг,Тип продукта Выпечка,price 69.99₽,date_price 2025-02-05 00:00:00
Бренд Хлебный Дом,Тип продукта Хлебцы,price 57.99₽,date_price 2025-02-05 00:00:00
Бренд Хлебный Дом,Тип продукта Хлеб белый,price 65.99₽,date_price 2025-02-05 00:00:00
Бренд Мираторг,Тип продукта Выпечка,price 69.99₽,date_price 2025-02-05 00:00:00
Бренд Хлебный Дом,Тип продукта Хлебцы,price 57.99₽,date_price 2025-02-05 00:00:00
Бренд Мираторг,Тип продукта Выпечка,price 69.99₽,date_price 2025-02-05 00:00:00
Бренд Хлебный Дом,Тип продукта Хлебцы,price 57.99₽,date_price 2025-02-05 00:00:00
Бренд Хлебный Дом,Тип продукта Хлеб белый,price 65.99₽,date_price 2025-02-05 00:00:00
Бренд Хлебный Дом,Тип продукта Хлеб белый,price 65.99₽,date_price 2025-02-05 00:00:00
Бренд Хлебный Дом,Тип продукта Хлеб белый,price 65.99₽,date_price 2025-02-05 00:00:00
Бренд Хлебный Дом,Тип продукта Хлеб белый,price 65.99₽,date_price 2025-02-05 00:00:00
Бренд Хлебный Дом,Тип продукта Хлебцы,price 57.99₽,date_price 2025-02-05 00:00:00
Бренд Мираторг,Тип продукта Выпечка,price 69.99₽,date_price 2025-02-05 00:00:00
Бренд Хлебный Дом,Тип продукта Хлеб белый,price 65.99₽,date_price 2025-02-05 00:00:00
Бренд Хлебный Дом,Тип продукта Хлебцы,price 57.99₽,date_price 2025-02-05 00:00:00
Бренд Мираторг,Тип продукта Выпечка,price 69.99₽,date_price 2025-02-05 00:00:00
Торговая марка None,Тип продукта Фарш,Бренд Мираторг,price 169.90₽,date_price 2025-02-05 00:00:00
Бренд Мираторг,Тип продукта Фарш,Торговая марка None,price 229.90₽,date_price 2025-02-05 00:00:00
Торговая марка None,Тип продукта Мясной полуфабрикат,Бренд Мираторг,price 479.90₽,date_price 2025-02-05 00:00:00
Торговая марка None,Тип продукта Мясо,Бренд Мираторг,price 299.90₽,date_price 2025-02-05 00:00:00
Бренд Мираторг,Тип продукта Полуфабрикат,Торговая марка None,price 179.90₽,date_price 2025-02-05 00:00:00
Торговая марка None,Тип продукта Котлета для бургера,Бренд Мираторг,price 139.90₽,date_price 2025-02-05 00:00:00
Торговая марка None,Тип продукта Колбаса,Бренд Мясницкий ряд,price 159.90₽,date_price 2025-02-05 00:00:00
Торговая марка None,Тип продукта Колбаса,Бренд Мираторг,price 329.90₽,date_price 2025-02-05 00:00:00
Торговая марка None,Тип продукта Колбаса,Бренд Мираторг,price 149.90₽,date_price 2025-02-05 00:00:00
Торговая марка None,Тип продукта Сосиски,Бренд Мираторг,price 189.90₽,date_price 2025-02-05 00:00:00
Торговая марка None,Тип продукта Ветчина,Бренд Мясницкий ряд,price 179.90₽,date_price 2025-02-05 00:00:00
Торговая марка None,Тип продукта Мясной деликатес,Бренд Мясницкий ряд,price 199.90₽,date_price 2025-02-05 00:00:00
Торговая марка None,Тип продукта Колбаса,Бренд Мираторг,price 249.90₽,date_price 2025-02-05 00:00:00
Торговая марка None,Тип продукта Колбаски,Бренд Мясницкий ряд,price 79.99₽,date_price 2025-02-05 00:00:00
Бренд Мясницкий ряд,Тип продукта Колбаса,Торговая марка None,price 169.90₽,date_price 2025-02-05 00:00:00
Бренд Ремит,Тип продукта Мясные деликатесы,Торговая марка None,price 159.90₽,date_price 2025-02-05 00:00:00
Бренд Мясницкий ряд,Тип продукта Колбаса,Торговая марка None,price 169.90₽,date_price 2025-02-05 00:00:00
Бренд Ремит,Тип продукта Мясные деликатесы,Торговая марка None,price 159.90₽,date_price 2025-02-05 00:00:00
Бренд Мясницкий ряд,Тип продукта Колбаса,Торговая марка None,price 169.90₽,date_price 2025-02-05 00:00:00
Бренд Ремит,Тип продукта Мясные деликатесы,Торговая марка None,price 159.90₽,date_price 2025-02-05 00:00:00
Торговая марка None,Тип продукта Колбаса,Бренд Мясницкий ряд,price 159.90₽,date_price 2025-02-05 00:00:00
Бренд Мясницкий ряд,Тип продукта Колбаса,price 219.90₽,date_price 2025-02-05 00:00:00
price 139.90₽,date_price 2025-02-05 00:00:00
price 239.90₽,date_price 2025-02-05 00:00:00
Торговая марка None,Тип продукта Колбаса,Бренд Мясницкий ряд,price 159.90₽,date_price 2025-02-05 00:00:00
Бренд Мясницкий ряд,Тип продукта Колбаса,price 219.90₽,date_price 2025-02-05 00:00:00
price 139.90₽,date_price 2025-02-05 00:00:00
price 239.90₽,date_price 2025-02-05 00:00:00
Бренд Мясницкий ряд,Тип продукта Колбаса,Торговая марка None,price 129.90₽,date_price 2025-02-05 00:00:00
Бренд Мясницкий ряд,Тип продукта Мясные деликатесы,Торговая марка None,price 179.90₽,date_price 2025-02-05 00:00:00
Бренд Мясницкий Ряд,Тип продукта Колбаса ,Торговая марка None,price 239.90₽,date_price 2025-02-05 00:00:00
Бренд Мясницкий ряд,Тип продукта Колбаса,Торговая марка None,price 169.90₽,date_price 2025-02-05 00:00:00
Бренд Ремит,Тип продукта Мясные деликатесы,Торговая марка None,price 159.90₽,date_price 2025-02-05 00:00:00
Бренд Мясницкий ряд,Тип продукта Колбаса,Торговая марка None,price 129.90₽,date_price 2025-02-05 00:00:00
Бренд Мясницкий ряд,Тип продукта Мясные деликатесы,Торговая марка None,price 179.90₽,date_price 2025-02-05 00:00:00
Бренд Мясницкий Ряд,Тип продукта Колбаса ,Торговая марка None,price 239.90₽,date_price 2025-02-05 00:00:00
Торговая марка None,Тип продукта Колбаса,Бренд Мясницкий ряд,price 159.90₽,date_price 2025-02-05 00:00:00
Бренд Мясницкий ряд,Тип продукта Колбаса,price 219.90₽,date_price 2025-02-05 00:00:00
price 139.90₽,date_price 2025-02-05 00:00:00
price 239.90₽,date_price 2025-02-05 00:00:00
Бренд Мясницкий ряд,Тип продукта Колбаса,Торговая марка None,price 129.90₽,date_price 2025-02-05 00:00:00
Бренд Мясницкий ряд,Тип продукта Мясные деликатесы,Торговая марка None,price 179.90₽,date_price 2025-02-05 00:00:00
Бренд Мясницкий Ряд,Тип продукта Колбаса ,Торговая марка None,price 239.90₽,date_price 2025-02-05 00:00:00
Бренд Мясницкий ряд,Тип продукта Колбаса,Торговая марка None,price 129.90₽,date_price 2025-02-05 00:00:00
Бренд Мясницкий ряд,Тип продукта Мясные деликатесы,Торговая марка None,price 179.90₽,date_price 2025-02-05 00:00:00
Бренд Мясницкий Ряд,Тип продукта Колбаса ,Торговая марка None,price 239.90₽,date_price 2025-02-05 00:00:00
Бренд Мясницкий ряд,Тип продукта Колбаса,Торговая марка None,price 129.90₽,date_price 2025-02-05 00:00:00
Бренд Мясницкий ряд,Тип продукта Мясные деликатесы,Торговая марка None,price 179.90₽,date_price 2025-02-05 00:00:00
Бренд Мясницкий Ряд,Тип продукта Колбаса ,Торговая марка None,price 239.90₽,date_price 2025-02-05 00:00:00
Бренд Мясницкий ряд,Тип продукта Колбаса,Торговая марка None,price 169.90₽,date_price 2025-02-05 00:00:00
Бренд Ремит,Тип продукта Мясные деликатесы,Торговая марка None,price 159.90₽,date_price 2025-02-05 00:00:00
Бренд Мясницкий ряд,Тип продукта Колбаса,Торговая марка None,price 129.90₽,date_price 2025-02-05 00:00:00
Бренд Мясницкий ряд,Тип продукта Мясные деликатесы,Торговая марка None,price 179.90₽,date_price 2025-02-05 00:00:00
Бренд Мясницкий Ряд,Тип продукта Колбаса ,Торговая марка None,price 239.90₽,date_price 2025-02-05 00:00:00
Бренд Мясницкий ряд,Тип продукта Колбаса,Торговая марка None,price 169.90₽,date_price 2025-02-05 00:00:00
Бренд Ремит,Тип продукта Мясные деликатесы,Торговая марка None,price 159.90₽,date_price 2025-02-05 00:00:00
Бренд Мясницкий ряд,Тип продукта Колбаса,Торговая марка None,price 169.90₽,date_price 2025-02-05 00:00:00
Бренд Ремит,Тип продукта Мясные деликатесы,Торговая марка None,price 159.90₽,date_price 2025-02-05 00:00:00
Бренд Мясницкий ряд,Тип продукта Колбаса,Торговая марка None,price 169.90₽,date_price 2025-02-05 00:00:00
Бренд Ремит,Тип продукта Мясные деликатесы,Торговая марка None,price 159.90₽,date_price 2025-02-05 00:00:00
Торговая марка None,Тип продукта Колбаса,Бренд Мясницкий ряд,price 159.90₽,date_price 2025-02-05 00:00:00
Торговая марка None,Тип продукта Колбаса,Бренд Мираторг,price 329.90₽,date_price 2025-02-05 00:00:00
Торговая марка None,Тип продукта Колбаса,Бренд Мираторг,price 149.90₽,date_price 2025-02-05 00:00:00
Торговая марка None,Тип продукта Сосиски,Бренд Мираторг,price 189.90₽,date_price 2025-02-05 00:00:00
Торговая марка None,Тип продукта Колбаски,Бренд Мясницкий ряд,price 79.99₽,date_price 2025-02-05 00:00:00
Торговая марка None,Тип продукта Колбаса,Бренд Мираторг,price 249.90₽,date_price 2025-02-05 00:00:00
Торговая марка None,Тип продукта Мясной деликатес,Бренд Мясницкий ряд,price 199.90₽,date_price 2025-02-05 00:00:00
Торговая марка None,Тип продукта Ветчина,Бренд Мясницкий ряд,price 179.90₽,date_price 2025-02-05 00:00:00
Торговая марка None,Тип продукта Колбаса,Бренд Мясницкий ряд,price 179.90₽,date_price 2025-02-05 00:00:00
Торговая марка None,Тип продукта Мясной полуфабрикат,Бренд Мираторг,price 159.90₽,date_price 2025-02-05 00:00:00
Торговая марка None,Тип продукта Сосиски,Бренд Мясницкий ряд,price 159.90₽,date_price 2025-02-05 00:00:00
Бренд Ремит,Тип продукта Колбаса,price 299.90₽,date_price 2025-02-05 00:00:00
Торговая марка None,Тип продукта Колбаса,Бренд Мясницкий ряд,price 159.90₽,date_price 2025-02-05 00:00:00
Бренд Мясницкий ряд,Тип продукта Колбаса,price 219.90₽,date_price 2025-02-05 00:00:00
price 139.90₽,date_price 2025-02-05 00:00:00
price 239.90₽,date_price 2025-02-05 00:00:00
Торговая марка None,Тип продукта Кофе,Бренд Московская кофейня на паяхъ,price 1 529.90₽,date_price 2025-02-05 00:00:00
Торговая марка None,Тип продукта Кофе,Бренд Московская кофейня на паяхъ,price 289.90₽,date_price 2025-02-05 00:00:00
Торговая марка None,Тип продукта Кофе,Бренд Московская кофейня на паяхъ,price 299.90₽,date_price 2025-02-05 00:00:00
Торговая марка None,Тип продукта Кофе,Бренд Московская кофейня на паяхъ,price 259.90₽,date_price 2025-02-05 00:00:00
Торговая марка None,Тип продукта Кофе,Бренд Московская кофейня на паяхъ,price 289.90₽,date_price 2025-02-05 00:00:00
Торговая марка None,Тип продукта Кофе,Бренд Московская кофейня на паяхъ,price 799.90₽,date_price 2025-02-05 00:00:00
Торговая марка None,Тип продукта Кофе,Бренд Московская кофейня на паяхъ,price 1 529.90₽,date_price 2025-02-05 00:00:00
Торговая марка None,Тип продукта Кофе,Бренд Московская кофейня на паяхъ,price 359.90₽,date_price 2025-02-05 00:00:00
Торговая марка None,Тип продукта Кофе,Бренд Московская кофейня на паяхъ,price 289.90₽,date_price 2025-02-05 00:00:00
Торговая марка None,Тип продукта Кофе,Бренд Московская кофейня на паяхъ,price 299.90₽,date_price 2025-02-05 00:00:00
Торговая марка None,Тип продукта Кофе,Бренд Московская кофейня на паяхъ,price 259.90₽,date_price 2025-02-05 00:00:00
